[{
  "taskType":"Payment",
  "details":"Manage Invoice",
  "client":"XYZ",
  "dueDate":"24 Feb 17",
  "status":"Assigned"
},
  {
    "taskType":"Payment",
    "details":"Do XYZ",
    "client":"Uno's",
    "dueDate":"24 Feb 17",
    "status":"Assigned"
  },
  {
    "taskType":"Ticket",
    "details":"Resolve TKT0256...",
    "client":"Joe's Pizza",
    "dueDate":"24 Feb 17",
    "status":"Assigned"
  },{
    "taskType":"Payment",
    "details":"Close Payment",
    "client":"Uno's",
    "dueDate":"25 Feb 17",
    "status":"Assigned"
  },{
    "taskType":"Vendor",
    "details":"Resolve TKT6...",
    "client":"Joe's Pizza",
    "dueDate":"26 Feb 17",
    "status":"Accepted"
  }]